{
  "com.liferay.oauth2.provider.configuration.OAuth2ProviderApplicationUserAgentConfiguration~clarity-distributor-kyc-update-oauth-application-user-agent" : {
    ".serviceAddress" : "localhost:58081",
    ".serviceScheme" : "http",
    ":configurator:policy" : "force",
    "baseURL" : "${portalURL}/o/distributor-kyc-update",
    "buildTimestamp" : 1749089275118,
    "description" : "",
    "dxp.lxc.liferay.com.virtualInstanceId" : "default",
    "homePageURL" : "$[conf:.serviceScheme]://$[conf:.serviceAddress]",
    "name" : "Clarity Distributor KYC Update OAuth Application User Agent",
    "projectId" : "distributorkycupdate",
    "projectName" : "distributor-kyc-update",
    "properties" : [ ],
    "scopes" : [ "c_distributorapplication.everything", "c_distributorkycverification.everything" ],
    "sourceCodeURL" : "",
    "type" : "oAuthApplicationUserAgent",
    "typeSettings" : [ ".serviceAddress=localhost:58081", ".serviceScheme=http", "scopes=c_distributorapplication.everything\nc_distributorkycverification.everything" ],
    "webContextPath" : "/distributor-kyc-update"
  },
  "com.liferay.object.internal.configuration.FunctionObjectActionExecutorImplConfiguration~clarity-distributor-kyc-update" : {
    ":configurator:policy" : "force",
    "baseURL" : "${portalURL}/o/distributor-kyc-update",
    "buildTimestamp" : 1749089275118,
    "description" : "",
    "dxp.lxc.liferay.com.virtualInstanceId" : "default",
    "name" : "Clarity Distributor KYC Update",
    "oAuth2ApplicationExternalReferenceCode" : "clarity-distributor-kyc-update-oauth-application-user-agent",
    "projectId" : "distributorkycupdate",
    "projectName" : "distributor-kyc-update",
    "properties" : [ ],
    "resourcePath" : "/distributor/kyc/update",
    "sourceCodeURL" : "",
    "type" : "objectAction",
    "typeSettings" : [ "oAuth2ApplicationExternalReferenceCode=clarity-distributor-kyc-update-oauth-application-user-agent", "resourcePath=/distributor/kyc/update" ],
    "webContextPath" : "/distributor-kyc-update"
  }
}