{
  "configuration": {
    "className": "com.liferay.object.admin.rest.dto.v1_0.ObjectFolder",
    "parameters": {
      "containsHeaders": "true",
      "createStrategy": "UPSERT",
      "onErrorFail": "false",
      "updateStrategy": "UPDATE"
    },
    "taskItemDelegateName": "DEFAULT"
  },
  "items": [
    {
      "name": "DistributorManagement",
      "label": {
        "en_US": "Distributor Management"
      },
      "actions": {
        "permissions": {},
        "get": {},
        "update": {},
        "delete": {}
      },
      "externalReferenceCode": "D4B8_DISTRIBUTOR_MANAGEMENT"
    }
  ]
}